#filename,file_size,file_attributes,region_count,region_id,region_shape_attributes,region_attributes
34020010494_e5cb88e1c4_k.jpg,1115004,"{}",1,0,"{""name"":""rect"",""x"":1008,""y"":626,""width"":433,""height"":526}","{}"
25899693952_7c8b8b9edc_k.jpg,814535,"{}",1,0,"{""name"":""rect"",""x"":133,""y"":114,""width"":684,""height"":854}","{}"
24362039530_b151b41a52_k.jpg,708540,"{}",1,0,"{""name"":""rect"",""x"":577,""y"":490,""width"":344,""height"":418}","{}"
18849792632_aad23ad513_k.jpg,522255,"{}",10,0,"{""name"":""rect"",""x"":543,""y"":363,""width"":334,""height"":442}","{}"
18849792632_aad23ad513_k.jpg,522255,"{}",10,1,"{""name"":""rect"",""x"":286,""y"":649,""width"":370,""height"":353}","{}"
18849792632_aad23ad513_k.jpg,522255,"{}",10,2,"{""name"":""rect"",""x"":849,""y"":620,""width"":332,""height"":416}","{}"
18849792632_aad23ad513_k.jpg,522255,"{}",10,3,"{""name"":""rect"",""x"":337,""y"":1115,""width"":387,""height"":380}","{}"
18849792632_aad23ad513_k.jpg,522255,"{}",10,4,"{""name"":""rect"",""x"":760,""y"":1010,""width"":370,""height"":353}","{}"
18849792632_aad23ad513_k.jpg,522255,"{}",10,5,"{""name"":""rect"",""x"":568,""y"":820,""width"":300,""height"":389}","{}"
18849792632_aad23ad513_k.jpg,522255,"{}",10,6,"{""name"":""rect"",""x"":363,""y"":921,""width"":228,""height"":200}","{}"
18849792632_aad23ad513_k.jpg,522255,"{}",10,7,"{""name"":""rect"",""x"":632,""y"":1219,""width"":267,""height"":334}","{}"
18849792632_aad23ad513_k.jpg,522255,"{}",10,8,"{""name"":""rect"",""x"":772,""y"":450,""width"":248,""height"":382}","{}"
18849792632_aad23ad513_k.jpg,522255,"{}",10,9,"{""name"":""rect"",""x"":462,""y"":536,""width"":231,""height"":296}","{}"
17178818589_16e58fc1e5_k.jpg,1027862,"{}",7,0,"{""name"":""rect"",""x"":795,""y"":224,""width"":568,""height"":831}","{}"
17178818589_16e58fc1e5_k.jpg,1027862,"{}",7,1,"{""name"":""rect"",""x"":1060,""y"":67,""width"":519,""height"":795}","{}"
17178818589_16e58fc1e5_k.jpg,1027862,"{}",7,2,"{""name"":""rect"",""x"":1260,""y"":445,""width"":438,""height"":582}","{}"
17178818589_16e58fc1e5_k.jpg,1027862,"{}",7,3,"{""name"":""rect"",""x"":1527,""y"":481,""width"":398,""height"":508}","{}"
17178818589_16e58fc1e5_k.jpg,1027862,"{}",7,4,"{""name"":""rect"",""x"":404,""y"":480,""width"":321,""height"":393}","{}"
17178818589_16e58fc1e5_k.jpg,1027862,"{}",7,5,"{""name"":""rect"",""x"":211,""y"":955,""width"":352,""height"":433}","{}"
17178818589_16e58fc1e5_k.jpg,1027862,"{}",7,6,"{""name"":""rect"",""x"":489,""y"":820,""width"":370,""height"":384}","{}"
17156759330_5af4f5a5b8_k.jpg,1329220,"{}",1,0,"{""name"":""rect"",""x"":112,""y"":120,""width"":798,""height"":818}","{}"
16335852991_f55de7958d_k.jpg,1767935,"{}",7,0,"{""name"":""rect"",""x"":517,""y"":168,""width"":207,""height"":228}","{}"
16335852991_f55de7958d_k.jpg,1767935,"{}",7,1,"{""name"":""rect"",""x"":716,""y"":214,""width"":195,""height"":89}","{}"
16335852991_f55de7958d_k.jpg,1767935,"{}",7,2,"{""name"":""rect"",""x"":471,""y"":375,""width"":233,""height"":233}","{}"
16335852991_f55de7958d_k.jpg,1767935,"{}",7,3,"{""name"":""rect"",""x"":505,""y"":573,""width"":238,""height"":200}","{}"
16335852991_f55de7958d_k.jpg,1767935,"{}",7,4,"{""name"":""rect"",""x"":702,""y"":284,""width"":267,""height"":187}","{}"
16335852991_f55de7958d_k.jpg,1767935,"{}",7,5,"{""name"":""rect"",""x"":865,""y"":481,""width"":151,""height"":233}","{}"
16335852991_f55de7958d_k.jpg,1767935,"{}",7,6,"{""name"":""rect"",""x"":707,""y"":474,""width"":219,""height"":262}","{}"
15717689633_5f7f78c28e_k.jpg,1166902,"{}",5,0,"{""name"":""rect"",""x"":546,""y"":480,""width"":240,""height"":200}","{}"
15717689633_5f7f78c28e_k.jpg,1166902,"{}",5,1,"{""name"":""rect"",""x"":732,""y"":463,""width"":220,""height"":169}","{}"
15717689633_5f7f78c28e_k.jpg,1166902,"{}",5,2,"{""name"":""rect"",""x"":878,""y"":618,""width"":197,""height"":204}","{}"
15717689633_5f7f78c28e_k.jpg,1166902,"{}",5,3,"{""name"":""rect"",""x"":644,""y"":732,""width"":238,""height"":150}","{}"
15717689633_5f7f78c28e_k.jpg,1166902,"{}",5,4,"{""name"":""rect"",""x"":665,""y"":618,""width"":180,""height"":144}","{}"
15331928994_d5b82eb368_k.jpg,760725,"{}",1,0,"{""name"":""rect"",""x"":118,""y"":1264,""width"":454,""height"":466}","{}"
15290896925_884ab33fd3_k.jpg,1287786,"{}",3,0,"{""name"":""rect"",""x"":991,""y"":56,""width"":229,""height"":245}","{}"
15290896925_884ab33fd3_k.jpg,1287786,"{}",3,1,"{""name"":""rect"",""x"":1198,""y"":33,""width"":224,""height"":193}","{}"
15290896925_884ab33fd3_k.jpg,1287786,"{}",3,2,"{""name"":""rect"",""x"":1111,""y"":210,""width"":201,""height"":196}","{}"
14898532020_ba6199dd22_k.jpg,1803855,"{}",2,0,"{""name"":""rect"",""x"":625,""y"":82,""width"":208,""height"":277}","{}"
14898532020_ba6199dd22_k.jpg,1803855,"{}",2,1,"{""name"":""rect"",""x"":514,""y"":335,""width"":239,""height"":280}","{}"
14666848163_8be8e37562_k.jpg,598628,"{}",3,0,"{""name"":""rect"",""x"":367,""y"":274,""width"":276,""height"":298}","{}"
14666848163_8be8e37562_k.jpg,598628,"{}",3,1,"{""name"":""rect"",""x"":195,""y"":418,""width"":276,""height"":279}","{}"
14666848163_8be8e37562_k.jpg,598628,"{}",3,2,"{""name"":""rect"",""x"":394,""y"":480,""width"":334,""height"":180}","{}"
14321263043_b76ef054d3_k.jpg,1307210,"{}",1,0,"{""name"":""rect"",""x"":600,""y"":14,""width"":255,""height"":271}","{}"
12288446656_2c6a90e6f5_k.jpg,961794,"{}",1,0,"{""name"":""rect"",""x"":39,""y"":166,""width"":993,""height"":887}","{}"
12288355124_5e340d3de3_k.jpg,788806,"{}",2,0,"{""name"":""rect"",""x"":934,""y"":503,""width"":155,""height"":180}","{}"
12288355124_5e340d3de3_k.jpg,788806,"{}",2,1,"{""name"":""rect"",""x"":1064,""y"":499,""width"":175,""height"":171}","{}"
12288043903_fe1ea17a4e_k.jpg,621744,"{}",1,0,"{""name"":""rect"",""x"":206,""y"":640,""width"":829,""height"":722}","{}"
12037308314_e16fb3a0f7_k.jpg,696051,"{}",2,0,"{""name"":""rect"",""x"":1405,""y"":610,""width"":538,""height"":574}","{}"
12037308314_e16fb3a0f7_k.jpg,696051,"{}",2,1,"{""name"":""rect"",""x"":1369,""y"":13,""width"":557,""height"":572}","{}"
10464445726_6f1e3bbe6a_k.jpg,712154,"{}",4,0,"{""name"":""rect"",""x"":488,""y"":356,""width"":723,""height"":785}","{}"
10464445726_6f1e3bbe6a_k.jpg,712154,"{}",4,1,"{""name"":""rect"",""x"":1183,""y"":140,""width"":687,""height"":659}","{}"
10464445726_6f1e3bbe6a_k.jpg,712154,"{}",4,2,"{""name"":""rect"",""x"":913,""y"":602,""width"":884,""height"":927}","{}"
10464445726_6f1e3bbe6a_k.jpg,712154,"{}",4,3,"{""name"":""rect"",""x"":156,""y"":882,""width"":751,""height"":962}","{}"
9330497995_4cf0438cb6_k.jpg,1391508,"{}",4,0,"{""name"":""rect"",""x"":1047,""y"":292,""width"":205,""height"":370}","{}"
9330497995_4cf0438cb6_k.jpg,1391508,"{}",4,1,"{""name"":""rect"",""x"":1211,""y"":7,""width"":442,""height"":324}","{}"
9330497995_4cf0438cb6_k.jpg,1391508,"{}",4,2,"{""name"":""rect"",""x"":13,""y"":23,""width"":297,""height"":524}","{}"
9330497995_4cf0438cb6_k.jpg,1391508,"{}",4,3,"{""name"":""rect"",""x"":674,""y"":3,""width"":284,""height"":447}","{}"
9210739293_2b0e0d991e_k.jpg,896220,"{}",1,0,"{""name"":""rect"",""x"":983,""y"":524,""width"":236,""height"":288}","{}"
8758393087_76fcd56bd3_k.jpg,652840,"{}",5,0,"{""name"":""rect"",""x"":798,""y"":162,""width"":580,""height"":538}","{}"
8758393087_76fcd56bd3_k.jpg,652840,"{}",5,1,"{""name"":""rect"",""x"":1272,""y"":93,""width"":518,""height"":604}","{}"
8758393087_76fcd56bd3_k.jpg,652840,"{}",5,2,"{""name"":""rect"",""x"":1833,""y"":90,""width"":202,""height"":619}","{}"
8758393087_76fcd56bd3_k.jpg,652840,"{}",5,3,"{""name"":""rect"",""x"":1513,""y"":623,""width"":514,""height"":349}","{}"
8758393087_76fcd56bd3_k.jpg,652840,"{}",5,4,"{""name"":""rect"",""x"":1521,""y"":897,""width"":574,""height"":444}","{}"
8053085540_a72bd21a64_k.jpg,844432,"{}",6,0,"{""name"":""rect"",""x"":908,""y"":64,""width"":112,""height"":131}","{}"
8053085540_a72bd21a64_k.jpg,844432,"{}",6,1,"{""name"":""rect"",""x"":820,""y"":161,""width"":99,""height"":118}","{}"
8053085540_a72bd21a64_k.jpg,844432,"{}",6,2,"{""name"":""rect"",""x"":998,""y"":176,""width"":124,""height"":137}","{}"
8053085540_a72bd21a64_k.jpg,844432,"{}",6,3,"{""name"":""rect"",""x"":768,""y"":255,""width"":167,""height"":133}","{}"
8053085540_a72bd21a64_k.jpg,844432,"{}",6,4,"{""name"":""rect"",""x"":910,""y"":270,""width"":97,""height"":103}","{}"
8053085540_a72bd21a64_k.jpg,844432,"{}",6,5,"{""name"":""rect"",""x"":912,""y"":165,""width"":135,""height"":127}","{}"
7488015492_0583857ca0_k.jpg,1059432,"{}",5,0,"{""name"":""rect"",""x"":221,""y"":860,""width"":179,""height"":273}","{}"
7488015492_0583857ca0_k.jpg,1059432,"{}",5,1,"{""name"":""rect"",""x"":392,""y"":835,""width"":176,""height"":290}","{}"
7488015492_0583857ca0_k.jpg,1059432,"{}",5,2,"{""name"":""rect"",""x"":438,""y"":980,""width"":223,""height"":186}","{}"
7488015492_0583857ca0_k.jpg,1059432,"{}",5,3,"{""name"":""rect"",""x"":564,""y"":369,""width"":629,""height"":793}","{}"
7488015492_0583857ca0_k.jpg,1059432,"{}",5,4,"{""name"":""rect"",""x"":762,""y"":1037,""width"":820,""height"":364}","{}"
7308740338_591f27b631_k.jpg,246154,"{}",1,0,"{""name"":""rect"",""x"":1107,""y"":739,""width"":357,""height"":346}","{}"
7178882742_f090f3ce56_k.jpg,891785,"{}",3,0,"{""name"":""rect"",""x"":691,""y"":263,""width"":690,""height"":739}","{}"
7178882742_f090f3ce56_k.jpg,891785,"{}",3,1,"{""name"":""rect"",""x"":1320,""y"":441,""width"":353,""height"":511}","{}"
7178882742_f090f3ce56_k.jpg,891785,"{}",3,2,"{""name"":""rect"",""x"":573,""y"":412,""width"":206,""height"":388}","{}"
6810773040_3d81036d05_k.jpg,875646,"{}",4,0,"{""name"":""rect"",""x"":252,""y"":651,""width"":63,""height"":72}","{}"
6810773040_3d81036d05_k.jpg,875646,"{}",4,1,"{""name"":""rect"",""x"":965,""y"":604,""width"":67,""height"":74}","{}"
6810773040_3d81036d05_k.jpg,875646,"{}",4,2,"{""name"":""rect"",""x"":1417,""y"":575,""width"":59,""height"":74}","{}"
6810773040_3d81036d05_k.jpg,875646,"{}",4,3,"{""name"":""rect"",""x"":1725,""y"":519,""width"":59,""height"":58}","{}"
6483318883_21facf57cd_b.jpg,125864,"{}",1,0,"{""name"":""rect"",""x"":361,""y"":291,""width"":225,""height"":237}","{}"
5674044810_2d9e2243ff_b.jpg,260124,"{}",3,0,"{""name"":""rect"",""x"":711,""y"":165,""width"":98,""height"":153}","{}"
5674044810_2d9e2243ff_b.jpg,260124,"{}",3,1,"{""name"":""rect"",""x"":359,""y"":38,""width"":94,""height"":83}","{}"
5674044810_2d9e2243ff_b.jpg,260124,"{}",3,2,"{""name"":""rect"",""x"":235,""y"":37,""width"":86,""height"":96}","{}"
5603212091_2dfe16ea72_b.jpg,337278,"{}",5,0,"{""name"":""rect"",""x"":282,""y"":69,""width"":242,""height"":350}","{}"
5603212091_2dfe16ea72_b.jpg,337278,"{}",5,1,"{""name"":""rect"",""x"":525,""y"":226,""width"":209,""height"":204}","{}"
5603212091_2dfe16ea72_b.jpg,337278,"{}",5,2,"{""name"":""rect"",""x"":413,""y"":381,""width"":279,""height"":297}","{}"
5603212091_2dfe16ea72_b.jpg,337278,"{}",5,3,"{""name"":""rect"",""x"":141,""y"":477,""width"":270,""height"":309}","{}"
5603212091_2dfe16ea72_b.jpg,337278,"{}",5,4,"{""name"":""rect"",""x"":61,""y"":230,""width"":232,""height"":242}","{}"
5560377994_cb597a4af5_b.jpg,251739,"{}",13,0,"{""name"":""rect"",""x"":279,""y"":223,""width"":52,""height"":56}","{}"
5560377994_cb597a4af5_b.jpg,251739,"{}",13,1,"{""name"":""rect"",""x"":295,""y"":260,""width"":63,""height"":34}","{}"
5560377994_cb597a4af5_b.jpg,251739,"{}",13,2,"{""name"":""rect"",""x"":402,""y"":159,""width"":109,""height"":114}","{}"
5560377994_cb597a4af5_b.jpg,251739,"{}",13,3,"{""name"":""rect"",""x"":477,""y"":35,""width"":101,""height"":119}","{}"
5560377994_cb597a4af5_b.jpg,251739,"{}",13,4,"{""name"":""rect"",""x"":570,""y"":16,""width"":141,""height"":138}","{}"
5560377994_cb597a4af5_b.jpg,251739,"{}",13,5,"{""name"":""rect"",""x"":690,""y"":36,""width"":121,""height"":121}","{}"
5560377994_cb597a4af5_b.jpg,251739,"{}",13,6,"{""name"":""rect"",""x"":758,""y"":108,""width"":123,""height"":105}","{}"
5560377994_cb597a4af5_b.jpg,251739,"{}",13,7,"{""name"":""rect"",""x"":739,""y"":175,""width"":124,""height"":102}","{}"
5560377994_cb597a4af5_b.jpg,251739,"{}",13,8,"{""name"":""rect"",""x"":691,""y"":245,""width"":99,""height"":70}","{}"
5560377994_cb597a4af5_b.jpg,251739,"{}",13,9,"{""name"":""rect"",""x"":507,""y"":193,""width"":95,""height"":84}","{}"
5560377994_cb597a4af5_b.jpg,251739,"{}",13,10,"{""name"":""rect"",""x"":588,""y"":212,""width"":84,""height"":84}","{}"
5560377994_cb597a4af5_b.jpg,251739,"{}",13,11,"{""name"":""rect"",""x"":561,""y"":136,""width"":139,""height"":99}","{}"
5560377994_cb597a4af5_b.jpg,251739,"{}",13,12,"{""name"":""rect"",""x"":666,""y"":165,""width"":109,""height"":99}","{}"
5555705118_3390d70abe_b.jpg,147544,"{}",1,0,"{""name"":""rect"",""x"":257,""y"":42,""width"":289,""height"":341}","{}"
5253122239_38b1e7f61c_b.jpg,269554,"{}",4,0,"{""name"":""rect"",""x"":206,""y"":12,""width"":189,""height"":214}","{}"
5253122239_38b1e7f61c_b.jpg,269554,"{}",4,1,"{""name"":""rect"",""x"":86,""y"":33,""width"":161,""height"":243}","{}"
5253122239_38b1e7f61c_b.jpg,269554,"{}",4,2,"{""name"":""rect"",""x"":491,""y"":6,""width"":83,""height"":66}","{}"
5253122239_38b1e7f61c_b.jpg,269554,"{}",4,3,"{""name"":""rect"",""x"":424,""y"":6,""width"":74,""height"":77}","{}"
5178670692_63a4365c9c_b.jpg,254321,"{}",1,0,"{""name"":""rect"",""x"":279,""y"":420,""width"":143,""height"":150}","{}"
5013250607_26359229b6_b.jpg,78220,"{}",2,0,"{""name"":""rect"",""x"":370,""y"":180,""width"":578,""height"":494}","{}"
5013250607_26359229b6_b.jpg,78220,"{}",2,1,"{""name"":""rect"",""x"":581,""y"":15,""width"":431,""height"":275}","{}"
4955354786_337a598e4a_b.jpg,214786,"{}",10,0,"{""name"":""rect"",""x"":23,""y"":339,""width"":425,""height"":333}","{}"
4955354786_337a598e4a_b.jpg,214786,"{}",10,1,"{""name"":""rect"",""x"":342,""y"":474,""width"":518,""height"":204}","{}"
4955354786_337a598e4a_b.jpg,214786,"{}",10,2,"{""name"":""rect"",""x"":679,""y"":355,""width"":335,""height"":322}","{}"
4955354786_337a598e4a_b.jpg,214786,"{}",10,3,"{""name"":""rect"",""x"":507,""y"":213,""width"":510,""height"":286}","{}"
4955354786_337a598e4a_b.jpg,214786,"{}",10,4,"{""name"":""rect"",""x"":411,""y"":230,""width"":239,""height"":252}","{}"
4955354786_337a598e4a_b.jpg,214786,"{}",10,5,"{""name"":""rect"",""x"":20,""y"":177,""width"":225,""height"":186}","{}"
4955354786_337a598e4a_b.jpg,214786,"{}",10,6,"{""name"":""rect"",""x"":773,""y"":100,""width"":203,""height"":122}","{}"
4955354786_337a598e4a_b.jpg,214786,"{}",10,7,"{""name"":""rect"",""x"":441,""y"":100,""width"":285,""height"":145}","{}"
4955354786_337a598e4a_b.jpg,214786,"{}",10,8,"{""name"":""rect"",""x"":494,""y"":29,""width"":295,""height"":159}","{}"
4955354786_337a598e4a_b.jpg,214786,"{}",10,9,"{""name"":""rect"",""x"":19,""y"":40,""width"":111,""height"":191}","{}"
4887227769_acd2e6127d_b.jpg,211361,"{}",3,0,"{""name"":""rect"",""x"":247,""y"":99,""width"":217,""height"":262}","{}"
4887227769_acd2e6127d_b.jpg,211361,"{}",3,1,"{""name"":""rect"",""x"":355,""y"":12,""width"":250,""height"":140}","{}"
4887227769_acd2e6127d_b.jpg,211361,"{}",3,2,"{""name"":""rect"",""x"":458,""y"":29,""width"":147,""height"":182}","{}"
4864857993_edb62f16ef_b.jpg,158133,"{}",1,0,"{""name"":""rect"",""x"":233,""y"":117,""width"":428,""height"":525}","{}"
4838031651_3e7b5ea5c7_b.jpg,269213,"{}",1,0,"{""name"":""rect"",""x"":270,""y"":102,""width"":145,""height"":170}","{}"
4581425993_72b9b15fc0_b.jpg,329032,"{}",1,0,"{""name"":""rect"",""x"":317,""y"":20,""width"":197,""height"":112}","{}"
4552737035_3a0a4105fb_b.jpg,57338,"{}",1,0,"{""name"":""rect"",""x"":299,""y"":234,""width"":70,""height"":101}","{}"
4543126482_92254ef046_b.jpg,345196,"{}",10,0,"{""name"":""rect"",""x"":311,""y"":309,""width"":59,""height"":137}","{}"
4543126482_92254ef046_b.jpg,345196,"{}",10,1,"{""name"":""rect"",""x"":367,""y"":261,""width"":89,""height"":108}","{}"
4543126482_92254ef046_b.jpg,345196,"{}",10,2,"{""name"":""rect"",""x"":418,""y"":529,""width"":174,""height"":151}","{}"
4543126482_92254ef046_b.jpg,345196,"{}",10,3,"{""name"":""rect"",""x"":369,""y"":618,""width"":97,""height"":115}","{}"
4543126482_92254ef046_b.jpg,345196,"{}",10,4,"{""name"":""rect"",""x"":333,""y"":648,""width"":111,""height"":150}","{}"
4543126482_92254ef046_b.jpg,345196,"{}",10,5,"{""name"":""rect"",""x"":73,""y"":470,""width"":119,""height"":141}","{}"
4543126482_92254ef046_b.jpg,345196,"{}",10,6,"{""name"":""rect"",""x"":65,""y"":374,""width"":81,""height"":88}","{}"
4543126482_92254ef046_b.jpg,345196,"{}",10,7,"{""name"":""rect"",""x"":102,""y"":321,""width"":101,""height"":129}","{}"
4543126482_92254ef046_b.jpg,345196,"{}",10,8,"{""name"":""rect"",""x"":4,""y"":371,""width"":70,""height"":90}","{}"
4543126482_92254ef046_b.jpg,345196,"{}",10,9,"{""name"":""rect"",""x"":10,""y"":453,""width"":87,""height"":111}","{}"
4057490235_2ffdf7d68b_b.jpg,89428,"{}",3,0,"{""name"":""rect"",""x"":309,""y"":489,""width"":150,""height"":144}","{}"
4057490235_2ffdf7d68b_b.jpg,89428,"{}",3,1,"{""name"":""rect"",""x"":397,""y"":620,""width"":199,""height"":172}","{}"
4057490235_2ffdf7d68b_b.jpg,89428,"{}",3,2,"{""name"":""rect"",""x"":285,""y"":747,""width"":162,""height"":154}","{}"
3945575930_ce99a7e98d_b.jpg,235167,"{}",5,0,"{""name"":""rect"",""x"":77,""y"":120,""width"":326,""height"":252}","{}"
3945575930_ce99a7e98d_b.jpg,235167,"{}",5,1,"{""name"":""rect"",""x"":279,""y"":193,""width"":466,""height"":284}","{}"
3945575930_ce99a7e98d_b.jpg,235167,"{}",5,2,"{""name"":""rect"",""x"":17,""y"":322,""width"":394,""height"":394}","{}"
3945575930_ce99a7e98d_b.jpg,235167,"{}",5,3,"{""name"":""rect"",""x"":565,""y"":380,""width"":328,""height"":306}","{}"
3945575930_ce99a7e98d_b.jpg,235167,"{}",5,4,"{""name"":""rect"",""x"":374,""y"":469,""width"":166,""height"":162}","{}"
3927754171_9011487133_b.jpg,356341,"{}",2,0,"{""name"":""rect"",""x"":315,""y"":140,""width"":210,""height"":234}","{}"
3927754171_9011487133_b.jpg,356341,"{}",2,1,"{""name"":""rect"",""x"":545,""y"":164,""width"":264,""height"":222}","{}"
3825919971_93fb1ec581_b.jpg,328049,"{}",5,0,"{""name"":""rect"",""x"":212,""y"":149,""width"":142,""height"":177}","{}"
3825919971_93fb1ec581_b.jpg,328049,"{}",5,1,"{""name"":""rect"",""x"":137,""y"":238,""width"":178,""height"":195}","{}"
3825919971_93fb1ec581_b.jpg,328049,"{}",5,2,"{""name"":""rect"",""x"":326,""y"":329,""width"":103,""height"":182}","{}"
3825919971_93fb1ec581_b.jpg,328049,"{}",5,3,"{""name"":""rect"",""x"":85,""y"":355,""width"":131,""height"":152}","{}"
3825919971_93fb1ec581_b.jpg,328049,"{}",5,4,"{""name"":""rect"",""x"":176,""y"":444,""width"":111,""height"":120}","{}"
3800636873_ace2c2795f_b.jpg,194209,"{}",1,0,"{""name"":""rect"",""x"":334,""y"":80,""width"":166,""height"":169}","{}"
3646097131_e3e1215843_b.jpg,272019,"{}",1,0,"{""name"":""rect"",""x"":510,""y"":31,""width"":354,""height"":388}","{}"
3342804367_f43682bb80_b.jpg,241456,"{}",1,0,"{""name"":""rect"",""x"":726,""y"":305,""width"":63,""height"":121}","{}"
2937599387_80e7d6e050_b.jpg,66066,"{}",1,0,"{""name"":""rect"",""x"":514,""y"":268,""width"":48,""height"":53}","{}"
2917282960_06beee649a_b.jpg,381043,"{}",1,0,"{""name"":""rect"",""x"":481,""y"":245,""width"":117,""height"":140}","{}"
2385899600_94b68350af_b.jpg,194632,"{}",1,0,"{""name"":""rect"",""x"":442,""y"":79,""width"":530,""height"":485}","{}"
2354829160_3f65a6bf6f_b.jpg,185646,"{}",2,0,"{""name"":""rect"",""x"":899,""y"":196,""width"":123,""height"":175}","{}"
2354829160_3f65a6bf6f_b.jpg,185646,"{}",2,1,"{""name"":""rect"",""x"":952,""y"":354,""width"":73,""height"":157}","{}"
2311771643_f46392fcc0_b.jpg,234017,"{}",1,0,"{""name"":""rect"",""x"":364,""y"":219,""width"":109,""height"":137}","{}"
1297451346_5b92bdac08_b.jpg,313357,"{}",4,0,"{""name"":""rect"",""x"":493,""y"":350,""width"":169,""height"":275}","{}"
1297451346_5b92bdac08_b.jpg,313357,"{}",4,1,"{""name"":""rect"",""x"":312,""y"":458,""width"":184,""height"":224}","{}"
1297451346_5b92bdac08_b.jpg,313357,"{}",4,2,"{""name"":""rect"",""x"":237,""y"":570,""width"":137,""height"":171}","{}"
1297451346_5b92bdac08_b.jpg,313357,"{}",4,3,"{""name"":""rect"",""x"":206,""y"":731,""width"":208,""height"":220}","{}"
873768102_7d931e5fa3_b.jpg,373380,"{}",1,0,"{""name"":""rect"",""x"":559,""y"":17,""width"":81,""height"":114}","{}"
699765866_abaad7274d_b.jpg,131540,"{}",1,0,"{""name"":""rect"",""x"":479,""y"":304,""width"":70,""height"":61}","{}"
605521662_a470fef77f_b.jpg,169274,"{}",3,0,"{""name"":""rect"",""x"":345,""y"":370,""width"":142,""height"":153}","{}"
605521662_a470fef77f_b.jpg,169274,"{}",3,1,"{""name"":""rect"",""x"":322,""y"":594,""width"":126,""height"":115}","{}"
605521662_a470fef77f_b.jpg,169274,"{}",3,2,"{""name"":""rect"",""x"":355,""y"":699,""width"":125,""height"":89}","{}"
518678836_94d58e3839_b.jpg,187910,"{}",1,0,"{""name"":""rect"",""x"":609,""y"":366,""width"":80,""height"":82}","{}"
489752654_777853a0ba_b.jpg,401913,"{}",13,0,"{""name"":""rect"",""x"":284,""y"":474,""width"":87,""height"":82}","{}"
489752654_777853a0ba_b.jpg,401913,"{}",13,1,"{""name"":""rect"",""x"":320,""y"":405,""width"":114,""height"":75}","{}"
489752654_777853a0ba_b.jpg,401913,"{}",13,2,"{""name"":""rect"",""x"":388,""y"":328,""width"":118,""height"":95}","{}"
489752654_777853a0ba_b.jpg,401913,"{}",13,3,"{""name"":""rect"",""x"":411,""y"":285,""width"":122,""height"":87}","{}"
489752654_777853a0ba_b.jpg,401913,"{}",13,4,"{""name"":""rect"",""x"":463,""y"":243,""width"":109,""height"":73}","{}"
489752654_777853a0ba_b.jpg,401913,"{}",13,5,"{""name"":""rect"",""x"":508,""y"":346,""width"":95,""height"":112}","{}"
489752654_777853a0ba_b.jpg,401913,"{}",13,6,"{""name"":""rect"",""x"":571,""y"":311,""width"":92,""height"":98}","{}"
489752654_777853a0ba_b.jpg,401913,"{}",13,7,"{""name"":""rect"",""x"":643,""y"":243,""width"":94,""height"":76}","{}"
489752654_777853a0ba_b.jpg,401913,"{}",13,8,"{""name"":""rect"",""x"":514,""y"":162,""width"":116,""height"":61}","{}"
489752654_777853a0ba_b.jpg,401913,"{}",13,9,"{""name"":""rect"",""x"":721,""y"":184,""width"":82,""height"":58}","{}"
489752654_777853a0ba_b.jpg,401913,"{}",13,10,"{""name"":""rect"",""x"":675,""y"":103,""width"":132,""height"":95}","{}"
489752654_777853a0ba_b.jpg,401913,"{}",13,11,"{""name"":""rect"",""x"":597,""y"":120,""width"":96,""height"":79}","{}"
489752654_777853a0ba_b.jpg,401913,"{}",13,12,"{""name"":""rect"",""x"":623,""y"":171,""width"":108,""height"":75}","{}"
485227412_e335662bb5_b.jpg,251791,"{}",1,0,"{""name"":""rect"",""x"":506,""y"":568,""width"":184,""height"":146}","{}"
410488422_5f8991f26e_b.jpg,129652,"{}",3,0,"{""name"":""rect"",""x"":139,""y"":9,""width"":234,""height"":258}","{}"
410488422_5f8991f26e_b.jpg,129652,"{}",3,1,"{""name"":""rect"",""x"":339,""y"":3,""width"":293,""height"":219}","{}"
410488422_5f8991f26e_b.jpg,129652,"{}",3,2,"{""name"":""rect"",""x"":681,""y"":11,""width"":232,""height"":239}","{}"
351678851_e2aeebdafd_b.jpg,257515,"{}",9,0,"{""name"":""rect"",""x"":257,""y"":75,""width"":350,""height"":321}","{}"
351678851_e2aeebdafd_b.jpg,257515,"{}",9,1,"{""name"":""rect"",""x"":2,""y"":36,""width"":222,""height"":246}","{}"
351678851_e2aeebdafd_b.jpg,257515,"{}",9,2,"{""name"":""rect"",""x"":387,""y"":377,""width"":320,""height"":225}","{}"
351678851_e2aeebdafd_b.jpg,257515,"{}",9,3,"{""name"":""rect"",""x"":16,""y"":310,""width"":218,""height"":250}","{}"
351678851_e2aeebdafd_b.jpg,257515,"{}",9,4,"{""name"":""rect"",""x"":184,""y"":474,""width"":278,""height"":282}","{}"
351678851_e2aeebdafd_b.jpg,257515,"{}",9,5,"{""name"":""rect"",""x"":311,""y"":645,""width"":248,""height"":225}","{}"
351678851_e2aeebdafd_b.jpg,257515,"{}",9,6,"{""name"":""rect"",""x"":73,""y"":738,""width"":310,""height"":237}","{}"
351678851_e2aeebdafd_b.jpg,257515,"{}",9,7,"{""name"":""rect"",""x"":1,""y"":565,""width"":232,""height"":160}","{}"
351678851_e2aeebdafd_b.jpg,257515,"{}",9,8,"{""name"":""rect"",""x"":0,""y"":723,""width"":286,""height"":252}","{}"
332344155_71be3a3b22_b.jpg,473442,"{}",1,0,"{""name"":""rect"",""x"":188,""y"":77,""width"":215,""height"":278}","{}"
321888854_3723b6f10b_b.jpg,339888,"{}",3,0,"{""name"":""rect"",""x"":389,""y"":157,""width"":279,""height"":213}","{}"
321888854_3723b6f10b_b.jpg,339888,"{}",3,1,"{""name"":""rect"",""x"":464,""y"":279,""width"":310,""height"":308}","{}"
321888854_3723b6f10b_b.jpg,339888,"{}",3,2,"{""name"":""rect"",""x"":124,""y"":291,""width"":333,""height"":295}","{}"
155815494_800fc9aa32_b.jpg,237106,"{}",2,0,"{""name"":""rect"",""x"":75,""y"":570,""width"":613,""height"":433}","{}"
155815494_800fc9aa32_b.jpg,237106,"{}",2,1,"{""name"":""rect"",""x"":625,""y"":487,""width"":129,""height"":468}","{}"
154446334_5d41cd1375_b.jpg,317194,"{}",8,0,"{""name"":""rect"",""x"":474,""y"":125,""width"":93,""height"":128}","{}"
154446334_5d41cd1375_b.jpg,317194,"{}",8,1,"{""name"":""rect"",""x"":605,""y"":120,""width"":62,""height"":126}","{}"
154446334_5d41cd1375_b.jpg,317194,"{}",8,2,"{""name"":""rect"",""x"":591,""y"":6,""width"":80,""height"":49}","{}"
154446334_5d41cd1375_b.jpg,317194,"{}",8,3,"{""name"":""rect"",""x"":326,""y"":8,""width"":73,""height"":35}","{}"
154446334_5d41cd1375_b.jpg,317194,"{}",8,4,"{""name"":""rect"",""x"":258,""y"":4,""width"":58,""height"":70}","{}"
154446334_5d41cd1375_b.jpg,317194,"{}",8,5,"{""name"":""rect"",""x"":82,""y"":54,""width"":51,""height"":49}","{}"
154446334_5d41cd1375_b.jpg,317194,"{}",8,6,"{""name"":""rect"",""x"":59,""y"":50,""width"":39,""height"":43}","{}"
154446334_5d41cd1375_b.jpg,317194,"{}",8,7,"{""name"":""rect"",""x"":5,""y"":116,""width"":50,""height"":53}","{}"
145053828_e0e748717c_b.jpg,326866,"{}",10,0,"{""name"":""rect"",""x"":386,""y"":139,""width"":85,""height"":132}","{}"
145053828_e0e748717c_b.jpg,326866,"{}",10,1,"{""name"":""rect"",""x"":486,""y"":202,""width"":128,""height"":83}","{}"
145053828_e0e748717c_b.jpg,326866,"{}",10,2,"{""name"":""rect"",""x"":438,""y"":258,""width"":160,""height"":96}","{}"
145053828_e0e748717c_b.jpg,326866,"{}",10,3,"{""name"":""rect"",""x"":298,""y"":303,""width"":116,""height"":147}","{}"
145053828_e0e748717c_b.jpg,326866,"{}",10,4,"{""name"":""rect"",""x"":164,""y"":250,""width"":103,""height"":119}","{}"
145053828_e0e748717c_b.jpg,326866,"{}",10,5,"{""name"":""rect"",""x"":258,""y"":160,""width"":125,""height"":151}","{}"
145053828_e0e748717c_b.jpg,326866,"{}",10,6,"{""name"":""rect"",""x"":394,""y"":327,""width"":98,""height"":115}","{}"
145053828_e0e748717c_b.jpg,326866,"{}",10,7,"{""name"":""rect"",""x"":346,""y"":278,""width"":110,""height"":97}","{}"
145053828_e0e748717c_b.jpg,326866,"{}",10,8,"{""name"":""rect"",""x"":162,""y"":80,""width"":167,""height"":190}","{}"
145053828_e0e748717c_b.jpg,326866,"{}",10,9,"{""name"":""rect"",""x"":7,""y"":37,""width"":156,""height"":182}","{}"
126700562_8e27720147_b.jpg,283199,"{}",1,0,"{""name"":""rect"",""x"":46,""y"":45,""width"":554,""height"":581}","{}"
120853323_d4788431b9_b.jpg,385195,"{}",18,0,"{""name"":""rect"",""x"":593,""y"":218,""width"":185,""height"":220}","{}"
120853323_d4788431b9_b.jpg,385195,"{}",18,1,"{""name"":""rect"",""x"":387,""y"":435,""width"":204,""height"":169}","{}"
120853323_d4788431b9_b.jpg,385195,"{}",18,2,"{""name"":""rect"",""x"":740,""y"":517,""width"":190,""height"":110}","{}"
120853323_d4788431b9_b.jpg,385195,"{}",18,3,"{""name"":""rect"",""x"":732,""y"":416,""width"":210,""height"":107}","{}"
120853323_d4788431b9_b.jpg,385195,"{}",18,4,"{""name"":""rect"",""x"":239,""y"":416,""width"":183,""height"":174}","{}"
120853323_d4788431b9_b.jpg,385195,"{}",18,5,"{""name"":""rect"",""x"":120,""y"":468,""width"":177,""height"":156}","{}"
120853323_d4788431b9_b.jpg,385195,"{}",18,6,"{""name"":""rect"",""x"":114,""y"":330,""width"":206,""height"":170}","{}"
120853323_d4788431b9_b.jpg,385195,"{}",18,7,"{""name"":""rect"",""x"":163,""y"":242,""width"":186,""height"":134}","{}"
120853323_d4788431b9_b.jpg,385195,"{}",18,8,"{""name"":""rect"",""x"":82,""y"":81,""width"":168,""height"":180}","{}"
120853323_d4788431b9_b.jpg,385195,"{}",18,9,"{""name"":""rect"",""x"":18,""y"":168,""width"":130,""height"":221}","{}"
120853323_d4788431b9_b.jpg,385195,"{}",18,10,"{""name"":""rect"",""x"":734,""y"":90,""width"":240,""height"":224}","{}"
120853323_d4788431b9_b.jpg,385195,"{}",18,11,"{""name"":""rect"",""x"":553,""y"":17,""width"":173,""height"":178}","{}"
120853323_d4788431b9_b.jpg,385195,"{}",18,12,"{""name"":""rect"",""x"":719,""y"":8,""width"":192,""height"":153}","{}"
120853323_d4788431b9_b.jpg,385195,"{}",18,13,"{""name"":""rect"",""x"":351,""y"":10,""width"":177,""height"":149}","{}"
120853323_d4788431b9_b.jpg,385195,"{}",18,14,"{""name"":""rect"",""x"":240,""y"":54,""width"":129,""height"":182}","{}"
120853323_d4788431b9_b.jpg,385195,"{}",18,15,"{""name"":""rect"",""x"":156,""y"":8,""width"":164,""height"":94}","{}"
120853323_d4788431b9_b.jpg,385195,"{}",18,16,"{""name"":""rect"",""x"":351,""y"":130,""width"":138,""height"":135}","{}"
120853323_d4788431b9_b.jpg,385195,"{}",18,17,"{""name"":""rect"",""x"":806,""y"":272,""width"":184,""height"":192}","{}"
53500107_d24b11b3c2_b.jpg,104355,"{}",2,0,"{""name"":""rect"",""x"":600,""y"":381,""width"":127,""height"":113}","{}"
53500107_d24b11b3c2_b.jpg,104355,"{}",2,1,"{""name"":""rect"",""x"":603,""y"":469,""width"":132,""height"":110}","{}"